id,theme,sourceId,sourceImage
party_0,party,13016,13016.jpg
party_1,party,13015,13015.jpg
party_2,party,13014,13014.jpg
party_3,party,13013,13013.jpg
party_4,party,13012,13012.jpg
party_5,party,13011,13011.jpg
party_6,party,13010,13010.jpg
party_7,party,13009,13009.jpg
party_8,party,13008,13008.jpg
party_9,party,13007,13007.jpg
party_10,party,13006,13006.jpg
party_11,party,13005,13005.jpg
party_12,party,13004,13004.jpg
party_13,party,13003,13003.jpg
party_14,party,13001,13001.webp
party_15,party,13000,13000.jpg
party_men_0,party,13031,13031.jpg
party_men_1,party,13030,13030.jpeg
party_men_2,party,13029,13029.jpg
party_men_3,party,13028,13028.jpg
party_men_4,party,13027,13027.jpg
party_men_5,party,13026,13026.jpg
party_men_6,party,13025,13025.jpeg
party_men_7,party,13024,13024.jpg
party_men_8,party,13023,13023.jpg
party_men_9,party,13022,13022.jpg
party_men_10,party,13021,13021.jpg
party_men_11,party,13020,13020.jpg
